{"dropout1": 0.25, "dropout2": 0.1, "dropout3": 0.35000000000000003, "dropout4": 0.1, "learning_rate": 0.00011348912219764921, "weight_rate": 0.01348029782924919}