{"hidden_dim": 64, "num_blocks": 3, "dropout1": 0.4, "dropout2": 0.5, "learning_rate": 0.00019818345059160225, "weight_decay": 0.010024765726594232}