{"dropout1": 0.30000000000000004, "dropout2": 0.15000000000000002, "learning_rate": 0.0001037865458581933, "weight_decay": 0.01970501959245381}