{"dropout1": 0.4, "dropout2": 0.4, "learning_rate": 7.866147892099912e-05, "weight_decay": 0.008088529426021143}