{"dropout": 0.30000000000000004, "learning_rate": 0.00031687835770051394, "weight_decay": 0.0032316066061143125}