{"embed_dim": 256, "num_heads": 4, "num_layers": 4, "dropout": 0.25, "learning_rate": 0.013025496758914769, "weight_decay": 0.010676516604952217}