{"dropout1": 0.15000000000000002, "dropout2": 0.5, "learning_rate": 0.00011190563675127609, "weight_decay": 0.0005543065395801654}