{"dropout1": 0.15000000000000002, "dropout2": 0.30000000000000004, "learning_rate": 0.00026425350140806025, "weight_decay": 1.1164964225930149e-05}