{"dropout": 0.15000000000000002, "learning_rate": 0.0006216112888575313, "weight_decay": 0.0012950060178640221}