{"dropout1": 0.45, "dropout2": 0.35000000000000003, "learning_rate": 0.00019337134823389538, "weight_decay": 0.0002362350896918934}