{"dropout1": 0.4, "dropout2": 0.05, "dropout3": 0.30000000000000004, "dropout4": 0.2, "learning_rate": 0.00011910933854871215, "weight_rate": 0.001718139880432988}