{"dropout1": 0.4, "dropout2": 0.5, "learning_rate": 2.324069448291899e-05, "weight_decay": 0.03728973969379139}