{"dropout1": 0.25, "dropout2": 0.4, "learning_rate": 4.428255874392552e-05, "weight_decay": 0.00021040201179133573}