{"dropout1": 0.45, "dropout2": 0.15000000000000002, "learning_rate": 0.0001382136432164609, "weight_decay": 4.6247960461665685e-05}