{"dropout1": 0.4, "dropout2": 0.0, "learning_rate": 0.00024426735505470216, "weight_decay": 0.011752020640266416}