{"hidden_dim": 64, "num_blocks": 4, "dropout1": 0.35000000000000003, "dropout2": 0.4, "learning_rate": 0.0003090280165750253, "weight_decay": 0.000403495474255714}