{"embed_dim": 128, "num_heads": 4, "num_layers": 3, "dropout": 0.5, "learning_rate": 0.00022606825642180168, "weight_decay": 0.0003532919117106943}