{"dropout1": 0.0, "dropout2": 0.5, "dropout3": 0.35000000000000003, "dropout4": 0.4, "learning_rate": 0.00010495092780898558, "weight_decay": 0.004825413730656502}