{"dropout1": 0.05, "dropout2": 0.4, "learning_rate": 0.00010845328174970751, "weight_decay": 0.057575132608342905}