{"embed_dim": 64, "num_heads": 8, "num_layers": 5, "dropout": 0.2, "learning_rate": 0.0003785099337944861, "weight_decay": 0.0003034144790751974}