{"embed_dim": 256, "num_heads": 16, "num_layers": 5, "dropout": 0.5, "learning_rate": 0.0007286299306178468, "weight_decay": 3.918278677281814e-05}