{"dropout1": 0.5, "dropout2": 0.2, "learning_rate": 0.00010142164588457326, "weight_decay": 0.006116488052196242}